{"264.0": [1666672.5, 5.333333333333333, 10000000.0], "1473.0": [3333337.333333333, 10000000.0, 10000000.0], "3259.0": [10000000.0, 10000000.0, 12.166666666666666], "5212.0": [7.5, 10000000.0, 11.0], "6351.0": [8333334.333333333, 10000000.0, 10000000.0], "7003.0": [3.0, 4.333333333333333, 4.333333333333333], "7298.0": [6666668.666666667, 10000000.0, 10000000.0], "7761.0": [7.833333333333333, 8.0, 7.333333333333333], "8386.0": [6.333333333333333, 10000000.0, 10000000.0], "10549.0": [10000000.0, 10000000.0, 10000000.0], "11538.0": [3333336.6666666665, 10000000.0, 10000000.0], "11702.0": [10000000.0, 10000000.0, 10000000.0], "11714.0": [10.0, 10000000.0, 10000000.0], "12407.0": [3333337.333333333, 10000000.0, 10000000.0], "13209.0": [7.0, 6.833333333333333, 9.0], "13347.0": [1666670.8333333333, 10000000.0, 10000000.0], "13666.0": [8333334.333333333, 10000000.0, 7.0], "13815.0": [10000000.0, 10000000.0, 10000000.0], "14103.0": [4.333333333333333, 4.333333333333333, 5.666666666666667], "14121.0": [1666670.8333333333, 10000000.0, 10000000.0], "21075.0": [4.5, 2.833333333333333, 2.833333333333333], "21894.0": [7.833333333333333, 6.833333333333333, 6.833333333333333], "21995.0": [6666668.333333333, 10000000.0, 10000000.0], "23082.0": [7.0, 10000000.0, 10000000.0], "23136.0": [8333334.666666667, 10000000.0, 10000000.0], "23488.0": [7.0, 10000000.0, 10000000.0], "23806.0": [8333334.166666667, 10000000.0, 9.833333333333334], "24923.0": [7.833333333333333, 1666670.8333333333, 10000000.0], "25000.0": [4.166666666666667, 4.833333333333333, 4.5], "25657.0": [8333334.5, 5.0, 10000000.0], "26838.0": [2.833333333333333, 5.5, 4.833333333333333], "27202.0": [10000000.0, 10000000.0, 10000000.0], "30627.0": [10000000.0, 10000000.0, 10000000.0], "31361.0": [1666670.0, 7.0, 10000000.0], "32422.0": [10000000.0, 10000000.0, 10000000.0], "32894.0": [5.0, 5.333333333333333, 5.333333333333333], "33192.0": [4.666666666666667, 4.833333333333333, 3.8333333333333335], "35644.0": [10000000.0, 10000000.0, 10000000.0], "36484.0": [4.833333333333333, 4.833333333333333, 4.833333333333333], "36840.0": [10000000.0, 10000000.0, 10000000.0], "38112.0": [10000000.0, 10000000.0, 10000000.0], "38772.0": [8333334.333333333, 10000000.0, 10000000.0], "38891.0": [10000000.0, 10000000.0, 10000000.0], "39134.0": [3.0, 2.833333333333333, 3.0], "39222.0": [6666669.0, 10000000.0, 10000000.0], "39609.0": [10000000.0, 10000000.0, 10000000.0], "40173.0": [7.833333333333333, 12.0, 8.666666666666666], "40605.0": [5000003.5, 10000000.0, 10000000.0], "41264.0": [8.0, 9.5, 10.833333333333334], "42022.0": [10000000.0, 10000000.0, 7.5], "45901.0": [4.0, 4.0, 3.6666666666666665], "49261.0": [10000000.0, 10000000.0, 10000000.0], "52561.0": [8.0, 10000000.0, 10000000.0], "52862.0": [10000000.0, 10000000.0, 10000000.0], "1718071.0": [3333337.333333333, 10000000.0, 10000000.0]}